model,accuracy,f1_macro,precision_macro,recall_macro
final_model.joblib,0.7161926871735346,0.7064432205754925,0.7076950410489804,0.7054946578645324
GBM_NoDraw.joblib,0.71406461597988,0.7039155419011769,0.7054685034294139,0.7028026375590254
KNN_NoDraw.joblib,0.6386148191139486,0.6381207162260214,0.6478468352418936,0.6507965058505434
LogisticRegression_NoDraw.joblib,0.7032307989940028,0.7010548150963201,0.7030206757951601,0.7089243319441985
RandomForest_NoDraw.joblib,0.7161926871735346,0.7064432205754925,0.7076950410489804,0.7054946578645324
XGB_NoDraw.joblib,0.7121300058038306,0.7042257550759605,0.7039232821338232,0.704560419667686
