{
    "threshold": 0.3,
    "accuracy": 0.6557142857142857,
    "recall": 0.8172043010752689,
    "precision": 0.4233983286908078,
    "f1": 0.5577981651376147,
    "auc-roc": 0.7858719300447681,
    "n_samples": 700
}